{"cameraMode":{"drawMode":0,"name":"Shaded","section":"Shading Mode"},"sceneLighting":true,"audioPlay":false,"sceneViewState":{"showFog":true,"showMaterialUpdate":false,"showSkybox":true,"showFlares":true,"showImageEffects":true,"showParticleSystems":true},"in2DMode":false,"pivot":{"x":-1.594979166984558,"y":9.444021224975586,"z":-2.6005935668945314},"rotation":{"x":-0.0002547725453041494,"y":0.9997100830078125,"z":-0.012306807562708855,"w":-0.020695921033620836},"size":44.171287536621097,"orthographic":false}